symbol,asset_type,source,score,signal,confidence,strategy,price,return_5_pct,return_20_pct,atr_pct,rsi_14,avg_dollar_volume,volume_ratio,last_bar,reason,rank,asset_label,selected
LINK-EUR,crypto,major_crypto,92.78,long,0.855,"ensemble[trend, momentum]",12.91263008,11.2004,27.2647,5.6702,67.2,5765532549.82,1.9103,2026-09-29T00:00:00,"SMA20 über SMA50, MACD und Volumen bestätigen. | 20-Perioden-Momentum 27.3%, RSI 67.2.",1,Krypto,False
AIR,stock,screener:day_losers,89.83,short,0.8633,"ensemble[trend, momentum, breakout]",108.26000214,-8.0594,-16.2658,5.3152,31.67,53630830.44,3.5919,2026-09-29T00:00:00,"SMA20 unter SMA50, MACD und Volumen bestätigen. | Negatives Momentum -16.3%, RSI 31.7. | Abwärtsausbruch mit Volumenfaktor 3.59.",2,Aktie,True
BE,stock,screener:most_actives,88.32,long,0.855,"ensemble[trend, momentum]",293.88000488,6.2742,42.4527,7.0854,61.73,5100151785.65,1.1027,2026-09-29T00:00:00,"SMA20 über SMA50, MACD und Volumen bestätigen. | 20-Perioden-Momentum 42.5%, RSI 61.7.",3,Aktie,True
IOVA,stock,screener:most_actives,85.62,long,0.865,"ensemble[trend, breakout]",14.66499996,37.8289,79.4982,6.0543,86.84,240059873.94,3.6857,2026-09-29T00:00:00,"SMA20 über SMA50, MACD und Volumen bestätigen. | Aufwärtsausbruch mit Volumenfaktor 3.69.",4,Aktie,True
ABCL,stock,screener:day_gainers,84.98,long,0.7406,"ensemble[trend, breakout]",14.71000004,16.2846,28.1359,5.4594,76.07,64671464.14,1.2435,2026-09-29T00:00:00,"SMA20 über SMA50, MACD und Volumen bestätigen. | Aufwärtsausbruch mit Volumenfaktor 1.24.",5,Aktie,True
FICO,stock,screener:day_losers,84.8,short,0.865,"ensemble[trend, breakout]",613.7800293,-32.8821,-46.498,7.947,16.53,378126214.83,5.9001,2026-09-29T00:00:00,"SMA20 unter SMA50, MACD und Volumen bestätigen. | Abwärtsausbruch mit Volumenfaktor 5.90.",6,Aktie,True
XPEV,stock,screener:day_losers,84.68,short,0.7531,"ensemble[trend, breakout]",9.49499989,-9.3989,-16.4173,3.3664,27.85,64897055.21,1.4518,2026-09-29T00:00:00,"SMA20 unter SMA50, MACD und Volumen bestätigen. | Abwärtsausbruch mit Volumenfaktor 1.45.",7,Aktie,True
CCL,stock,screener:most_actives,78.19,long,0.7055,"ensemble[momentum, breakout]",24.93000031,11.8941,4.3533,3.6731,60.09,613809299.47,2.256,2026-09-29T00:00:00,"20-Perioden-Momentum 4.4%, RSI 60.1. | Aufwärtsausbruch mit Volumenfaktor 2.26.",8,Aktie,True
NEOG,stock,screener:day_losers,76.78,long,0.8341,"ensemble[trend, momentum]",13.09000015,-6.3662,13.2353,4.0868,58.49,48258266.73,1.5096,2026-09-29T00:00:00,"SMA20 über SMA50, MACD und Volumen bestätigen. | 20-Perioden-Momentum 13.2%, RSI 58.5.",9,Aktie,True
IMOS,stock,screener:day_losers,74.04,long,0.855,"ensemble[trend, momentum]",67.83999634,-0.1178,24.1581,4.3399,63.95,5473961.82,0.9764,2026-09-29T00:00:00,"SMA20 über SMA50, MACD und Volumen bestätigen. | 20-Perioden-Momentum 24.2%, RSI 63.9.",10,Aktie,True
P,stock,screener:growth_technology_stocks,70.05,hold,0.0,ensemble,130.85499573,18.0043,40.78,5.3262,74.09,963735004.87,0.3045,2026-09-29T00:00:00,"Noch kein Handelssignal. Der Markt ist wegen Liquidität, Bewegung und technischer Nähe auf der Beobachtungsliste.",11,Aktie,True
META,stock,fallback_stocks,69.41,hold,0.0,ensemble,733.97998047,-0.3557,28.3432,4.0186,64.0,17310824440.4,0.6266,2026-09-29T00:00:00,"Noch kein Handelssignal. Der Markt ist wegen Liquidität, Bewegung und technischer Nähe auf der Beobachtungsliste.",12,Aktie,True
NIO,stock,screener:most_actives,68.5,hold,0.0,ensemble,3.41499996,-8.1989,-19.2671,3.2629,25.71,134794234.43,1.0202,2026-09-29T00:00:00,"Noch kein Handelssignal. Der Markt ist wegen Liquidität, Bewegung und technischer Nähe auf der Beobachtungsliste.",13,Aktie,True
DOT-EUR,crypto,major_crypto,68.07,long,0.7763,"ensemble[trend, momentum]",1.03030002,1.4212,6.8127,7.6241,57.44,164727162.74,1.06,2026-09-29T00:00:00,"SMA20 über SMA50, MACD und Volumen bestätigen. | 20-Perioden-Momentum 6.8%, RSI 57.4.",14,Krypto,False
LITE,stock,screener:day_gainers,67.88,long,0.7676,"ensemble[trend, momentum]",968.19000244,2.3814,5.8409,6.2525,57.03,4354292792.96,0.9866,2026-09-29T00:00:00,"SMA20 über SMA50, MACD und Volumen bestätigen. | 20-Perioden-Momentum 5.8%, RSI 57.0.",15,Aktie,True
AMC,stock,screener:most_actives,67.87,long,0.855,"ensemble[trend, momentum]",3.06800008,3.2997,16.2121,6.4956,61.45,92852322.1,0.9726,2026-09-29T00:00:00,"SMA20 über SMA50, MACD und Volumen bestätigen. | 20-Perioden-Momentum 16.2%, RSI 61.5.",16,Aktie,True
AMD,stock,screener:growth_technology_stocks,67.74,hold,0.0,ensemble,611.32501221,-1.9951,29.8702,4.2313,67.05,13378329335.71,0.5017,2026-09-29T00:00:00,"Noch kein Handelssignal. Der Markt ist wegen Liquidität, Bewegung und technischer Nähe auf der Beobachtungsliste.",17,Aktie,True
CBOE,stock,screener:day_gainers,67.69,short,0.8131,"ensemble[trend, momentum]",267.46499634,0.238,-10.9044,3.8411,43.92,269216584.48,1.5483,2026-09-29T00:00:00,"SMA20 unter SMA50, MACD und Volumen bestätigen. | Negatives Momentum -10.9%, RSI 43.9.",18,Aktie,True
PCG,stock,screener:most_actives,67.3,hold,0.0,ensemble,12.01000023,-6.7547,-9.4951,3.4287,26.48,608689377.79,0.482,2026-09-29T00:00:00,"Noch kein Handelssignal. Der Markt ist wegen Liquidität, Bewegung und technischer Nähe auf der Beobachtungsliste.",19,Aktie,True
FA,stock,screener:day_losers,66.79,short,0.7566,"ensemble[trend, momentum, breakout]",17.81999969,-12.3894,-15.2236,4.2019,29.55,24855714.25,1.1978,2026-09-29T00:00:00,"SMA20 unter SMA50, MACD und Volumen bestätigen. | Negatives Momentum -15.2%, RSI 29.6. | Abwärtsausbruch mit Volumenfaktor 1.20.",20,Aktie,True
CRM,stock,fallback_stocks,66.75,hold,0.0,ensemble,224.71000671,-3.6737,-12.594,3.5899,43.69,2804440881.36,0.3109,2026-09-29T00:00:00,"Noch kein Handelssignal. Der Markt ist wegen Liquidität, Bewegung und technischer Nähe auf der Beobachtungsliste.",21,Aktie,True
OPEN,stock,screener:most_actives,66.67,hold,0.0,ensemble,2.38499999,-13.587,-25.4688,6.2417,27.72,72611297.4,0.59,2026-09-29T00:00:00,"Noch kein Handelssignal. Der Markt ist wegen Liquidität, Bewegung und technischer Nähe auf der Beobachtungsliste.",22,Aktie,True
AXSM,stock,screener:day_losers,66.65,short,0.7357,"ensemble[trend, momentum, breakout]",183.80499268,-9.5003,-7.4124,5.0052,31.57,118480836.13,1.3463,2026-09-29T00:00:00,"SMA20 unter SMA50, MACD und Volumen bestätigen. | Negatives Momentum -7.4%, RSI 31.6. | Abwärtsausbruch mit Volumenfaktor 1.35.",23,Aktie,True
FIS,stock,screener:growth_technology_stocks,66.51,hold,0.0,ensemble,33.35499954,-4.591,-17.2421,3.1247,25.03,208757544.73,0.6643,2026-09-29T00:00:00,"Noch kein Handelssignal. Der Markt ist wegen Liquidität, Bewegung und technischer Nähe auf der Beobachtungsliste.",24,Aktie,True
HRI,stock,screener:day_losers,66.31,hold,0.0,ensemble,126.83000183,-11.9664,-16.3302,5.561,33.92,112920961.39,0.3705,2026-09-29T00:00:00,"Noch kein Handelssignal. Der Markt ist wegen Liquidität, Bewegung und technischer Nähe auf der Beobachtungsliste.",25,Aktie,True
MRVL,stock,screener:day_gainers,66.2,hold,0.0,ensemble,262.26998901,-0.0343,23.911,4.7718,62.18,4672759171.54,0.5748,2026-09-29T00:00:00,"Noch kein Handelssignal. Der Markt ist wegen Liquidität, Bewegung und technischer Nähe auf der Beobachtungsliste.",26,Aktie,True
NVO,stock,fallback_stocks,66.07,hold,0.0,ensemble,38.18500137,-3.0838,-15.7622,2.9555,29.05,505874720.63,0.465,2026-09-29T00:00:00,"Noch kein Handelssignal. Der Markt ist wegen Liquidität, Bewegung und technischer Nähe auf der Beobachtungsliste.",27,Aktie,True
UMC,stock,screener:day_gainers,65.99,hold,0.0,ensemble,24.83499908,-3.6283,24.9245,3.8123,63.19,278476924.67,0.588,2026-09-29T00:00:00,"Noch kein Handelssignal. Der Markt ist wegen Liquidität, Bewegung und technischer Nähe auf der Beobachtungsliste.",28,Aktie,True
XLU,etf,core_etfs,65.96,short,0.7641,"ensemble[trend, momentum]",39.63499832,-2.2082,-5.4548,1.4253,29.26,947832598.36,1.346,2026-09-29T00:00:00,"SMA20 unter SMA50, MACD und Volumen bestätigen. | Negatives Momentum -5.5%, RSI 29.3.",29,ETF,True
ASML.AS,stock,global_stocks,65.59,long,0.7119,"ensemble[momentum, breakout]",1601.19995117,6.2226,11.5508,3.1164,67.04,892117839.76,1.2821,2026-09-29T00:00:00,"20-Perioden-Momentum 11.6%, RSI 67.0. | Aufwärtsausbruch mit Volumenfaktor 1.28.",30,Aktie,True
GPCR,stock,screener:day_losers,65.54,hold,0.0,ensemble,33.22999954,-9.9702,-27.6193,5.5827,24.7,41451804.24,0.286,2026-09-29T00:00:00,"Noch kein Handelssignal. Der Markt ist wegen Liquidität, Bewegung und technischer Nähe auf der Beobachtungsliste.",31,Aktie,True
EFX,stock,screener:day_losers,65.17,hold,0.0,ensemble,140.0249939,-12.3639,-25.9754,3.6611,20.65,227924640.63,0.9271,2026-09-29T00:00:00,"Noch kein Handelssignal. Der Markt ist wegen Liquidität, Bewegung und technischer Nähe auf der Beobachtungsliste.",32,Aktie,True
INTC,stock,screener:most_actives,64.19,hold,0.0,ensemble,116.69999695,-5.7807,30.3765,5.8765,59.81,12449109559.53,0.5568,2026-09-29T00:00:00,"Noch kein Handelssignal. Der Markt ist wegen Liquidität, Bewegung und technischer Nähe auf der Beobachtungsliste.",33,Aktie,True
LI,stock,screener:day_losers,63.92,short,0.7302,"ensemble[trend, momentum, breakout]",11.20499992,-3.9022,-7.3967,3.8216,38.11,34617410.83,1.213,2026-09-29T00:00:00,"SMA20 unter SMA50, MACD und Volumen bestätigen. | Negatives Momentum -7.4%, RSI 38.1. | Abwärtsausbruch mit Volumenfaktor 1.21.",34,Aktie,True
HAFN,stock,screener:day_gainers,63.52,hold,0.0,ensemble,9.63500023,4.3879,20.7046,3.7164,64.34,28529144.63,1.0492,2026-09-29T00:00:00,"Noch kein Handelssignal. Der Markt ist wegen Liquidität, Bewegung und technischer Nähe auf der Beobachtungsliste.",35,Aktie,True
VEON,stock,screener:day_gainers,63.21,hold,0.0,ensemble,72.45999908,4.4544,17.0976,3.8829,66.83,13475991.07,0.6322,2026-09-29T00:00:00,"Noch kein Handelssignal. Der Markt ist wegen Liquidität, Bewegung und technischer Nähe auf der Beobachtungsliste.",36,Aktie,True
BGC,stock,screener:day_losers,63.08,short,0.6772,"ensemble[momentum, breakout]",11.30500031,-7.8647,-5.8701,3.276,38.17,42638320.13,1.5558,2026-09-29T00:00:00,"Negatives Momentum -5.9%, RSI 38.2. | Abwärtsausbruch mit Volumenfaktor 1.56.",37,Aktie,True
SMTC,stock,screener:growth_technology_stocks,62.99,hold,0.0,ensemble,180.21000671,3.3729,35.537,6.6292,61.04,582588478.19,0.5768,2026-09-29T00:00:00,"Noch kein Handelssignal. Der Markt ist wegen Liquidität, Bewegung und technischer Nähe auf der Beobachtungsliste.",38,Aktie,True
ASX,stock,screener:day_gainers,62.96,hold,0.0,ensemble,45.47999954,0.6195,23.0852,3.913,66.9,304021944.85,0.7578,2026-09-29T00:00:00,"Noch kein Handelssignal. Der Markt ist wegen Liquidität, Bewegung und technischer Nähe auf der Beobachtungsliste.",39,Aktie,False
PIPR,stock,screener:day_losers,62.9,short,0.7281,"ensemble[trend, momentum, breakout]",67.37000275,-7.3825,-10.2451,3.6128,30.66,46904659.95,1.5843,2026-09-29T00:00:00,"SMA20 unter SMA50, MACD und Volumen bestätigen. | Negatives Momentum -10.2%, RSI 30.7. | Abwärtsausbruch mit Volumenfaktor 1.58.",40,Aktie,False
NET,stock,screener:growth_technology_stocks,62.81,hold,0.0,ensemble,352.23498535,-0.2167,15.4452,4.9902,62.82,1088399887.79,0.3566,2026-09-29T00:00:00,"Noch kein Handelssignal. Der Markt ist wegen Liquidität, Bewegung und technischer Nähe auf der Beobachtungsliste.",41,Aktie,False
MC.PA,stock,global_stocks,62.63,hold,0.0,ensemble,394.6000061,-1.8286,-11.3258,2.307,29.91,244032106.9,0.6018,2026-09-29T00:00:00,"Noch kein Handelssignal. Der Markt ist wegen Liquidität, Bewegung und technischer Nähe auf der Beobachtungsliste.",42,Aktie,False
CDE,stock,screener:most_actives,62.25,hold,0.0,ensemble,17.72030067,-13.5173,-14.7243,5.7198,38.94,605650127.33,0.7631,2026-09-29T00:00:00,"Noch kein Handelssignal. Der Markt ist wegen Liquidität, Bewegung und technischer Nähe auf der Beobachtungsliste.",43,Aktie,False
DELL,stock,screener:growth_technology_stocks,62.19,hold,0.0,ensemble,539.1651001,-1.7771,18.2354,5.7813,53.86,6048328320.8,0.3028,2026-09-29T00:00:00,"Noch kein Handelssignal. Der Markt ist wegen Liquidität, Bewegung und technischer Nähe auf der Beobachtungsliste.",44,Aktie,False
HD,stock,fallback_stocks,62.12,hold,0.0,ensemble,289.76000977,-5.1056,-10.9614,2.2213,29.77,1325562175.61,0.676,2026-09-29T00:00:00,"Noch kein Handelssignal. Der Markt ist wegen Liquidität, Bewegung und technischer Nähe auf der Beobachtungsliste.",45,Aktie,False
QXO,stock,screener:day_losers,62.1,hold,0.0,ensemble,11.64000034,-8.9202,-12.3494,4.8447,38.47,213958738.73,0.7803,2026-09-29T00:00:00,"Noch kein Handelssignal. Der Markt ist wegen Liquidität, Bewegung und technischer Nähe auf der Beobachtungsliste.",46,Aktie,False
MU,stock,screener:growth_technology_stocks,61.95,hold,0.0,ensemble,1070.56005859,-2.3354,11.6644,4.0828,60.41,26178192927.79,0.5015,2026-09-29T00:00:00,"Noch kein Handelssignal. Der Markt ist wegen Liquidität, Bewegung und technischer Nähe auf der Beobachtungsliste.",47,Aktie,False
MNDY,stock,screener:day_losers,61.83,short,0.7542,"ensemble[trend, momentum]",74.45999908,-12.3484,-26.3793,6.9008,34.8,82198760.82,1.0783,2026-09-29T00:00:00,"SMA20 unter SMA50, MACD und Volumen bestätigen. | Negatives Momentum -26.4%, RSI 34.8.",48,Aktie,False
XLF,etf,core_etfs,61.79,short,0.7206,"ensemble[trend, momentum]",53.97499847,-1.5055,-6.141,1.382,29.0,1920197967.29,0.9965,2026-09-29T00:00:00,"SMA20 unter SMA50, MACD und Volumen bestätigen. | Negatives Momentum -6.1%, RSI 29.0.",49,ETF,True
AMAT,stock,fallback_stocks,61.75,hold,0.0,ensemble,504.42498779,6.7657,10.0428,3.793,61.89,3138360542.56,0.6012,2026-09-29T00:00:00,"Noch kein Handelssignal. Der Markt ist wegen Liquidität, Bewegung und technischer Nähe auf der Beobachtungsliste.",50,Aktie,False
GFI,stock,screener:day_gainers,61.26,hold,0.0,ensemble,36.63499832,-14.723,-19.2006,5.1894,36.2,127900053.02,1.3228,2026-09-29T00:00:00,"Noch kein Handelssignal. Der Markt ist wegen Liquidität, Bewegung und technischer Nähe auf der Beobachtungsliste.",51,Aktie,False
VECO,stock,screener:day_gainers,60.99,hold,0.0,ensemble,51.08000183,15.1488,15.3047,4.6048,64.47,32014536.73,0.686,2026-09-29T00:00:00,"Noch kein Handelssignal. Der Markt ist wegen Liquidität, Bewegung und technischer Nähe auf der Beobachtungsliste.",52,Aktie,False
SMCI,stock,screener:growth_technology_stocks,60.96,hold,0.0,ensemble,41.42979813,-0.2653,11.1314,5.7016,58.3,1561087864.5,0.4505,2026-09-29T00:00:00,"Noch kein Handelssignal. Der Markt ist wegen Liquidität, Bewegung und technischer Nähe auf der Beobachtungsliste.",53,Aktie,False
SAN.PA,stock,global_stocks,60.71,short,0.7698,"ensemble[trend, momentum]",71.47000122,-3.9253,-7.0127,1.8449,33.45,138231626.66,1.0348,2026-09-29T00:00:00,"SMA20 unter SMA50, MACD und Volumen bestätigen. | Negatives Momentum -7.0%, RSI 33.4.",54,Aktie,False
HPE,stock,screener:growth_technology_stocks,60.1,hold,0.0,ensemble,61.06999969,0.0655,17.1984,6.1173,57.0,1651742171.44,0.2491,2026-09-29T00:00:00,"Noch kein Handelssignal. Der Markt ist wegen Liquidität, Bewegung und technischer Nähe auf der Beobachtungsliste.",55,Aktie,False
TRU,stock,screener:day_losers,59.93,hold,0.0,ensemble,63.49499893,-11.653,-25.2208,3.79,23.93,160139828.83,0.6298,2026-09-29T00:00:00,"Noch kein Handelssignal. Der Markt ist wegen Liquidität, Bewegung und technischer Nähe auf der Beobachtungsliste.",56,Aktie,False
SMMT,stock,screener:most_actives,59.89,hold,0.0,ensemble,16.375,-4.3516,20.2276,6.8973,52.57,114366815.38,3.1374,2026-09-29T00:00:00,"Noch kein Handelssignal. Der Markt ist wegen Liquidität, Bewegung und technischer Nähe auf der Beobachtungsliste.",57,Aktie,False
RMS.PA,stock,global_stocks,59.0,hold,0.0,ensemble,1352.5,-0.1845,-12.3177,2.5852,35.39,129884429.63,0.7798,2026-09-29T00:00:00,"Noch kein Handelssignal. Der Markt ist wegen Liquidität, Bewegung und technischer Nähe auf der Beobachtungsliste.",58,Aktie,False
AGX,stock,screener:day_gainers,58.87,hold,0.0,ensemble,378.54998779,1.9663,-10.9273,4.7625,38.46,170153052.31,0.4526,2026-09-29T00:00:00,"Noch kein Handelssignal. Der Markt ist wegen Liquidität, Bewegung und technischer Nähe auf der Beobachtungsliste.",59,Aktie,False
VNA.DE,stock,global_stocks,58.62,hold,0.0,ensemble,17.40500069,0.2015,-8.8505,2.3474,33.27,62034576.23,1.1762,2026-09-29T00:00:00,"Noch kein Handelssignal. Der Markt ist wegen Liquidität, Bewegung und technischer Nähe auf der Beobachtungsliste.",60,Aktie,False
CRDO,stock,screener:growth_technology_stocks,58.6,hold,0.0,ensemble,192.6499939,0.0467,-14.8282,5.6756,50.92,1939204011.63,0.4778,2026-09-29T00:00:00,"Noch kein Handelssignal. Der Markt ist wegen Liquidität, Bewegung und technischer Nähe auf der Beobachtungsliste.",61,Aktie,False
HL,stock,screener:most_actives,58.31,hold,0.0,ensemble,17.16500092,-9.8003,-13.6135,5.7655,40.12,614876112.05,0.6432,2026-09-29T00:00:00,"Noch kein Handelssignal. Der Markt ist wegen Liquidität, Bewegung und technischer Nähe auf der Beobachtungsliste.",62,Aktie,False
HYG,etf,core_etfs,57.91,short,0.6668,"ensemble[trend, breakout]",77.27999878,-1.7669,-2.6394,0.4021,21.53,3697205903.22,1.7186,2026-09-29T00:00:00,"SMA20 unter SMA50, MACD und Volumen bestätigen. | Abwärtsausbruch mit Volumenfaktor 1.72.",63,ETF,True
DTE.DE,stock,global_stocks,57.7,short,0.6915,"ensemble[trend, momentum]",26.39999962,-2.619,-6.9767,2.3728,32.77,164737095.86,1.0816,2026-09-29T00:00:00,"SMA20 unter SMA50, MACD und Volumen bestätigen. | Negatives Momentum -7.0%, RSI 32.8.",64,Aktie,False
SECZ,stock,screener:day_losers,57.68,hold,0.0,ensemble,15.5,19.2308,139.9381,9.6267,71.39,70943388.4,0.5484,2026-09-29T00:00:00,"Noch kein Handelssignal. Der Markt ist wegen Liquidität, Bewegung und technischer Nähe auf der Beobachtungsliste.",65,Aktie,False
TTAN,stock,screener:day_gainers,57.52,hold,0.0,ensemble,62.54000092,1.5919,-36.2097,5.6264,41.46,274247844.75,0.4466,2026-09-29T00:00:00,"Noch kein Handelssignal. Der Markt ist wegen Liquidität, Bewegung und technischer Nähe auf der Beobachtungsliste.",66,Aktie,False
DKNG,stock,screener:day_losers,57.15,hold,0.0,ensemble,20.10000038,-7.7982,-17.2499,5.8518,30.46,251852133.44,0.7629,2026-09-29T00:00:00,"Noch kein Handelssignal. Der Markt ist wegen Liquidität, Bewegung und technischer Nähe auf der Beobachtungsliste.",67,Aktie,False
PS,stock,screener:day_losers,57.08,hold,0.0,ensemble,54.09500122,5.2842,26.0368,7.1231,64.2,41564697.5,0.2827,2026-09-29T00:00:00,"Noch kein Handelssignal. Der Markt ist wegen Liquidität, Bewegung und technischer Nähe auf der Beobachtungsliste.",68,Aktie,False
MCD,stock,fallback_stocks,56.86,hold,0.0,ensemble,235.00500488,-6.1294,-10.1938,2.068,26.71,1355303661.79,0.4947,2026-09-29T00:00:00,"Noch kein Handelssignal. Der Markt ist wegen Liquidität, Bewegung und technischer Nähe auf der Beobachtungsliste.",69,Aktie,False
AGNC,stock,screener:most_actives,56.58,hold,0.0,ensemble,9.38000011,-7.0367,-12.5815,2.3911,22.41,349558059.13,0.5581,2026-09-29T00:00:00,"Noch kein Handelssignal. Der Markt ist wegen Liquidität, Bewegung und technischer Nähe auf der Beobachtungsliste.",70,Aktie,False
TMO,stock,fallback_stocks,56.53,hold,0.0,ensemble,674.86499023,2.4821,9.4445,2.2731,70.39,1473982950.61,0.3888,2026-09-29T00:00:00,"Noch kein Handelssignal. Der Markt ist wegen Liquidität, Bewegung und technischer Nähe auf der Beobachtungsliste.",71,Aktie,False
BAC,stock,fallback_stocks,56.24,hold,0.0,ensemble,55.04000092,-2.0641,-10.6864,2.4146,25.16,1974837866.51,0.4547,2026-09-29T00:00:00,"Noch kein Handelssignal. Der Markt ist wegen Liquidität, Bewegung und technischer Nähe auf der Beobachtungsliste.",72,Aktie,False
AMKR,stock,screener:growth_technology_stocks,56.2,hold,0.0,ensemble,54.34989929,-0.4398,15.1161,4.5906,57.0,206149399.0,0.4512,2026-09-29T00:00:00,"Noch kein Handelssignal. Der Markt ist wegen Liquidität, Bewegung und technischer Nähe auf der Beobachtungsliste.",73,Aktie,False
FIL-EUR,crypto,major_crypto,56.12,hold,0.0,ensemble,0.93339998,7.19,32.3992,9.0892,61.75,160799823.96,0.8733,2026-09-29T00:00:00,"Noch kein Handelssignal. Der Markt ist wegen Liquidität, Bewegung und technischer Nähe auf der Beobachtungsliste.",74,Krypto,False
GRAB,stock,screener:most_actives,55.77,hold,0.0,ensemble,3.125,-1.4196,-11.7232,4.0914,46.08,232403252.97,0.5847,2026-09-29T00:00:00,"Noch kein Handelssignal. Der Markt ist wegen Liquidität, Bewegung und technischer Nähe auf der Beobachtungsliste.",75,Aktie,False
F,stock,screener:most_actives,55.69,hold,0.0,ensemble,12.30000019,-6.1069,-11.7647,3.0732,31.02,592726278.06,0.4357,2026-09-29T00:00:00,"Noch kein Handelssignal. Der Markt ist wegen Liquidität, Bewegung und technischer Nähe auf der Beobachtungsliste.",76,Aktie,False
WBD,stock,screener:most_actives,55.6,hold,0.0,ensemble,30.84499931,0.0487,8.1143,1.4798,73.61,1310387931.55,0.6977,2026-09-29T00:00:00,"Noch kein Handelssignal. Der Markt ist wegen Liquidität, Bewegung und technischer Nähe auf der Beobachtungsliste.",77,Aktie,False
VGK,etf,core_etfs,55.54,short,0.6964,"ensemble[trend, momentum]",87.56500244,-2.0854,-4.2297,1.1847,37.38,195451508.34,1.4468,2026-09-29T00:00:00,"SMA20 unter SMA50, MACD und Volumen bestätigen. | Negatives Momentum -4.2%, RSI 37.4.",78,ETF,True
WGS,stock,screener:day_losers,54.9,hold,0.0,ensemble,75.30999756,-17.0595,-11.2015,9.4111,37.34,52610302.85,0.9523,2026-09-29T00:00:00,"Noch kein Handelssignal. Der Markt ist wegen Liquidität, Bewegung und technischer Nähe auf der Beobachtungsliste.",79,Aktie,False
NKE,stock,screener:most_actives,54.89,hold,0.0,ensemble,35.81999969,-0.7756,-7.3221,2.526,37.88,1159806829.45,0.5456,2026-09-29T00:00:00,"Noch kein Handelssignal. Der Markt ist wegen Liquidität, Bewegung und technischer Nähe auf der Beobachtungsliste.",80,Aktie,False
TSM,stock,screener:growth_technology_stocks,54.65,hold,0.0,ensemble,458.36999512,1.4093,10.6616,2.2491,67.13,4458004791.45,0.6468,2026-09-29T00:00:00,"Noch kein Handelssignal. Der Markt ist wegen Liquidität, Bewegung und technischer Nähe auf der Beobachtungsliste.",81,Aktie,False
CIEN,stock,screener:growth_technology_stocks,54.6,hold,0.0,ensemble,348.20999146,-5.5215,-9.036,6.1262,46.22,982070845.87,0.4417,2026-09-29T00:00:00,"Noch kein Handelssignal. Der Markt ist wegen Liquidität, Bewegung und technischer Nähe auf der Beobachtungsliste.",82,Aktie,False
USO,etf,core_etfs,54.41,hold,0.0,ensemble,144.75999451,0.472,8.2722,4.2149,49.84,935678553.72,0.7912,2026-09-29T00:00:00,"Noch kein Handelssignal. Der Markt ist wegen Liquidität, Bewegung und technischer Nähe auf der Beobachtungsliste.",83,ETF,True
SPCX,stock,screener:most_actives,54.34,hold,0.0,ensemble,148.02000427,-4.3304,3.0134,4.0868,52.91,13418534499.12,0.584,2026-09-29T00:00:00,"Noch kein Handelssignal. Der Markt ist wegen Liquidität, Bewegung und technischer Nähe auf der Beobachtungsliste.",84,Aktie,False
TSEM,stock,screener:day_gainers,54.25,hold,0.0,ensemble,235.54499817,-0.4501,14.872,5.3617,56.26,455443578.29,0.2979,2026-09-29T00:00:00,"Noch kein Handelssignal. Der Markt ist wegen Liquidität, Bewegung und technischer Nähe auf der Beobachtungsliste.",85,Aktie,False
DASH,stock,screener:day_gainers,54.01,hold,0.0,ensemble,185.91999817,-3.2725,-19.7722,3.9734,37.96,755188152.39,0.6159,2026-09-29T00:00:00,"Noch kein Handelssignal. Der Markt ist wegen Liquidität, Bewegung und technischer Nähe auf der Beobachtungsliste.",86,Aktie,False
QCOM,stock,fallback_stocks,53.99,hold,0.0,ensemble,184.8500061,-6.7685,9.0193,5.6107,52.33,2703616734.58,0.3458,2026-09-29T00:00:00,"Noch kein Handelssignal. Der Markt ist wegen Liquidität, Bewegung und technischer Nähe auf der Beobachtungsliste.",87,Aktie,False
RKT,stock,screener:most_actives,53.76,hold,0.0,ensemble,11.82499981,-7.1821,-11.8195,5.0957,37.12,403080419.86,0.5964,2026-09-29T00:00:00,"Noch kein Handelssignal. Der Markt ist wegen Liquidität, Bewegung und technischer Nähe auf der Beobachtungsliste.",88,Aktie,False
PONY,stock,screener:day_losers,53.53,hold,0.0,ensemble,6.56500006,-9.9451,-7.4048,5.0375,39.08,23328635.47,1.0399,2026-09-29T00:00:00,"Noch kein Handelssignal. Der Markt ist wegen Liquidität, Bewegung und technischer Nähe auf der Beobachtungsliste.",89,Aktie,False
NBIS,stock,screener:day_gainers,53.12,hold,0.0,ensemble,240.0,1.6432,16.3242,6.3936,56.81,3618232176.0,0.6299,2026-09-29T00:00:00,"Noch kein Handelssignal. Der Markt ist wegen Liquidität, Bewegung und technischer Nähe auf der Beobachtungsliste.",90,Aktie,False
NU,stock,screener:most_actives,52.97,hold,0.0,ensemble,12.38000011,-12.5706,-14.9141,4.1432,31.05,874434107.99,0.6549,2026-09-29T00:00:00,"Noch kein Handelssignal. Der Markt ist wegen Liquidität, Bewegung und technischer Nähe auf der Beobachtungsliste.",91,Aktie,False
ONTO,stock,screener:day_gainers,52.88,hold,0.0,ensemble,300.26000977,5.7961,12.3686,4.7963,60.34,246016357.55,0.3636,2026-09-29T00:00:00,"Noch kein Handelssignal. Der Markt ist wegen Liquidität, Bewegung und technischer Nähe auf der Beobachtungsliste.",92,Aktie,False
DDOG,stock,screener:growth_technology_stocks,52.56,hold,0.0,ensemble,266.04998779,7.5058,12.2384,4.4235,65.65,957602354.39,0.4736,2026-09-29T00:00:00,"Noch kein Handelssignal. Der Markt ist wegen Liquidität, Bewegung und technischer Nähe auf der Beobachtungsliste.",93,Aktie,False
AAOI,stock,screener:day_gainers,52.54,hold,0.0,ensemble,101.34999847,-5.2804,-5.8873,6.41,45.48,686543374.48,0.8222,2026-09-29T00:00:00,"Noch kein Handelssignal. Der Markt ist wegen Liquidität, Bewegung und technischer Nähe auf der Beobachtungsliste.",94,Aktie,False
NESR,stock,screener:day_losers,52.52,hold,0.0,ensemble,26.46999931,-20.006,-24.6084,6.0529,25.54,46014395.95,1.7588,2026-09-29T00:00:00,"Noch kein Handelssignal. Der Markt ist wegen Liquidität, Bewegung und technischer Nähe auf der Beobachtungsliste.",95,Aktie,False
SOFI,stock,screener:most_actives,51.95,hold,0.0,ensemble,15.93290043,-7.1509,-10.8898,3.7792,36.24,706918176.49,0.559,2026-09-29T00:00:00,"Noch kein Handelssignal. Der Markt ist wegen Liquidität, Bewegung und technischer Nähe auf der Beobachtungsliste.",96,Aktie,False
MKSI,stock,screener:growth_technology_stocks,51.92,hold,0.0,ensemble,263.83999634,1.3327,2.966,4.1665,51.44,340100717.83,0.2886,2026-09-29T00:00:00,"Noch kein Handelssignal. Der Markt ist wegen Liquidität, Bewegung und technischer Nähe auf der Beobachtungsliste.",97,Aktie,False
IREN,stock,screener:most_actives,51.84,hold,0.0,ensemble,41.52180099,-14.4762,11.8734,6.0851,45.65,1492829302.24,0.6475,2026-09-29T00:00:00,"Noch kein Handelssignal. Der Markt ist wegen Liquidität, Bewegung und technischer Nähe auf der Beobachtungsliste.",98,Aktie,False
VVV,stock,screener:day_gainers,51.59,hold,0.0,ensemble,29.68499947,3.5403,-7.408,3.4317,45.97,80098924.22,0.5941,2026-09-29T00:00:00,"Noch kein Handelssignal. Der Markt ist wegen Liquidität, Bewegung und technischer Nähe auf der Beobachtungsliste.",99,Aktie,False
PATH,stock,screener:most_actives,51.56,hold,0.0,ensemble,12.11499977,-8.566,-35.1098,5.6023,32.54,673112395.44,0.3932,2026-09-29T00:00:00,"Noch kein Handelssignal. Der Markt ist wegen Liquidität, Bewegung und technischer Nähe auf der Beobachtungsliste.",100,Aktie,False
TSLA,stock,screener:most_actives,51.42,hold,0.0,ensemble,354.05999756,-6.5558,-3.775,3.1056,45.88,13431143484.92,0.5478,2026-09-29T00:00:00,"Noch kein Handelssignal. Der Markt ist wegen Liquidität, Bewegung und technischer Nähe auf der Beobachtungsliste.",101,Aktie,False
AVT,stock,screener:growth_technology_stocks,51.4,hold,0.0,ensemble,101.34500122,3.1501,13.6136,4.0435,63.61,128058991.21,0.4702,2026-09-29T00:00:00,"Noch kein Handelssignal. Der Markt ist wegen Liquidität, Bewegung und technischer Nähe auf der Beobachtungsliste.",102,Aktie,False
NTAP,stock,screener:growth_technology_stocks,51.19,hold,0.0,ensemble,206.9750061,7.291,11.7033,3.6188,64.74,523148245.44,0.4538,2026-09-29T00:00:00,"Noch kein Handelssignal. Der Markt ist wegen Liquidität, Bewegung und technischer Nähe auf der Beobachtungsliste.",103,Aktie,False
PLTR,stock,screener:growth_technology_stocks,51.19,hold,0.0,ensemble,185.26499939,0.1487,-0.5982,3.1165,58.63,4633060529.12,0.2601,2026-09-29T00:00:00,"Noch kein Handelssignal. Der Markt ist wegen Liquidität, Bewegung und technischer Nähe auf der Beobachtungsliste.",104,Aktie,False
HCC,stock,screener:day_losers,50.6,hold,0.0,ensemble,87.61000061,-4.8751,-19.0595,4.5777,38.24,54609013.01,0.5544,2026-09-29T00:00:00,"Noch kein Handelssignal. Der Markt ist wegen Liquidität, Bewegung und technischer Nähe auf der Beobachtungsliste.",105,Aktie,False
TER,stock,screener:growth_technology_stocks,50.5,hold,0.0,ensemble,405.70001221,1.7583,16.0152,4.7632,60.59,988586522.85,0.387,2026-09-29T00:00:00,"Noch kein Handelssignal. Der Markt ist wegen Liquidität, Bewegung und technischer Nähe auf der Beobachtungsliste.",106,Aktie,False
IBRX,stock,screener:day_gainers,50.35,hold,0.0,ensemble,8.86999989,-4.521,11.5723,6.5502,58.49,90435983.79,0.463,2026-09-29T00:00:00,"Noch kein Handelssignal. Der Markt ist wegen Liquidität, Bewegung und technischer Nähe auf der Beobachtungsliste.",107,Aktie,False
GE,stock,fallback_stocks,50.23,hold,0.0,ensemble,319.2250061,0.0016,-4.9105,2.7171,41.23,1320703425.34,0.3243,2026-09-29T00:00:00,"Noch kein Handelssignal. Der Markt ist wegen Liquidität, Bewegung und technischer Nähe auf der Beobachtungsliste.",108,Aktie,False
SHEL.L,stock,global_stocks,49.77,hold,0.0,ensemble,3594.0,2.3932,4.705,1.9692,58.94,39386738904.9,1.4841,2026-09-29T00:00:00,"Noch kein Handelssignal. Der Markt ist wegen Liquidität, Bewegung und technischer Nähe auf der Beobachtungsliste.",109,Aktie,False
RCL,stock,screener:day_gainers,49.66,hold,0.0,ensemble,260.08999634,10.7284,-2.6436,4.1829,49.92,779270463.16,0.763,2026-09-29T00:00:00,"Noch kein Handelssignal. Der Markt ist wegen Liquidität, Bewegung und technischer Nähe auf der Beobachtungsliste.",110,Aktie,False
SOXX,etf,core_etfs,49.47,hold,0.0,ensemble,568.83001709,-0.6896,11.3811,3.0149,62.0,4004913349.86,0.525,2026-09-29T00:00:00,"Noch kein Handelssignal. Der Markt ist wegen Liquidität, Bewegung und technischer Nähe auf der Beobachtungsliste.",111,ETF,False
CLS,stock,screener:growth_technology_stocks,49.44,hold,0.0,ensemble,363.77999878,2.1596,21.503,5.3578,60.79,838714012.96,0.5685,2026-09-29T00:00:00,"Noch kein Handelssignal. Der Markt ist wegen Liquidität, Bewegung und technischer Nähe auf der Beobachtungsliste.",112,Aktie,False
MARA,stock,screener:most_actives,49.38,hold,0.0,ensemble,12.18500042,-10.6016,13.1383,6.8439,51.94,549618319.6,0.3922,2026-09-29T00:00:00,"Noch kein Handelssignal. Der Markt ist wegen Liquidität, Bewegung und technischer Nähe auf der Beobachtungsliste.",113,Aktie,False
FORM,stock,screener:growth_technology_stocks,49.33,hold,0.0,ensemble,135.36000061,7.42,34.5393,4.9969,67.86,152998660.77,0.5855,2026-09-29T00:00:00,"Noch kein Handelssignal. Der Markt ist wegen Liquidität, Bewegung und technischer Nähe auf der Beobachtungsliste.",114,Aktie,False
DOGE-EUR,crypto,major_crypto,49.29,hold,0.0,ensemble,0.08255,-1.9433,11.4592,6.0858,57.13,89010651.34,0.8123,2026-09-29T00:00:00,"Noch kein Handelssignal. Der Markt ist wegen Liquidität, Bewegung und technischer Nähe auf der Beobachtungsliste.",115,Krypto,False
WRBY,stock,screener:day_gainers,49.19,hold,0.0,ensemble,27.27000046,18.8753,10.8537,6.4841,58.59,89729648.55,1.0461,2026-09-29T00:00:00,"Noch kein Handelssignal. Der Markt ist wegen Liquidität, Bewegung und technischer Nähe auf der Beobachtungsliste.",116,Aktie,False
RNG,stock,screener:day_losers,49.14,hold,0.0,ensemble,72.73999786,-8.7671,4.4815,4.7302,52.2,114268553.78,0.465,2026-09-29T00:00:00,"Noch kein Handelssignal. Der Markt ist wegen Liquidität, Bewegung und technischer Nähe auf der Beobachtungsliste.",117,Aktie,False
CORZ,stock,screener:growth_technology_stocks,48.55,hold,0.0,ensemble,16.57999992,-11.7616,1.7178,6.0959,41.14,182169137.21,0.552,2026-09-29T00:00:00,"Noch kein Handelssignal. Der Markt ist wegen Liquidität, Bewegung und technischer Nähe auf der Beobachtungsliste.",118,Aktie,False
VALE,stock,screener:most_actives,48.52,hold,0.0,ensemble,13.29500008,-6.3073,-11.8953,2.7642,31.32,386501679.34,0.6178,2026-09-29T00:00:00,"Noch kein Handelssignal. Der Markt ist wegen Liquidität, Bewegung und technischer Nähe auf der Beobachtungsliste.",119,Aktie,False
SMH,etf,core_etfs,48.45,hold,0.0,ensemble,607.7199707,0.0428,9.1784,2.6589,62.96,3890138960.4,0.6386,2026-09-29T00:00:00,"Noch kein Handelssignal. Der Markt ist wegen Liquidität, Bewegung und technischer Nähe auf der Beobachtungsliste.",120,ETF,False
URI,stock,screener:day_losers,48.44,hold,0.0,ensemble,999.34997559,-4.1887,-3.7235,3.0736,42.14,435562489.59,1.2842,2026-09-29T00:00:00,"Noch kein Handelssignal. Der Markt ist wegen Liquidität, Bewegung und technischer Nähe auf der Beobachtungsliste.",121,Aktie,False
NN,stock,screener:day_losers,48.39,hold,0.0,ensemble,13.60999966,-11.2198,-14.2407,6.512,38.05,31429291.84,0.5858,2026-09-29T00:00:00,"Noch kein Handelssignal. Der Markt ist wegen Liquidität, Bewegung und technischer Nähe auf der Beobachtungsliste.",122,Aktie,False
FDS,stock,screener:day_losers,48.22,hold,0.0,ensemble,252.8999939,-8.5088,-19.343,4.881,34.32,207657335.68,0.659,2026-09-29T00:00:00,"Noch kein Handelssignal. Der Markt ist wegen Liquidität, Bewegung und technischer Nähe auf der Beobachtungsliste.",123,Aktie,False
LRCX,stock,screener:growth_technology_stocks,48.01,hold,0.0,ensemble,321.63000488,3.5412,6.7935,4.4317,59.79,2947509061.46,0.4159,2026-09-29T00:00:00,"Noch kein Handelssignal. Der Markt ist wegen Liquidität, Bewegung und technischer Nähe auf der Beobachtungsliste.",124,Aktie,False
NFLX,stock,screener:most_actives,48.0,hold,0.0,ensemble,70.35500336,-2.5014,-13.1956,3.0346,36.81,2287268017.16,0.56,2026-09-29T00:00:00,"Noch kein Handelssignal. Der Markt ist wegen Liquidität, Bewegung und technischer Nähe auf der Beobachtungsliste.",125,Aktie,False
ORCL,stock,screener:most_actives,47.91,hold,0.0,ensemble,138.24000549,-7.3458,-7.2961,5.5687,43.62,4856308120.52,0.9797,2026-09-29T00:00:00,"Noch kein Handelssignal. Der Markt ist wegen Liquidität, Bewegung und technischer Nähe auf der Beobachtungsliste.",126,Aktie,False
ONDS,stock,screener:most_actives,47.69,hold,0.0,ensemble,7.51499987,-2.6554,-1.8289,4.9235,47.19,480414690.67,0.5651,2026-09-29T00:00:00,"Noch kein Handelssignal. Der Markt ist wegen Liquidität, Bewegung und technischer Nähe auf der Beobachtungsliste.",127,Aktie,False
ALAB,stock,screener:growth_technology_stocks,47.61,hold,0.0,ensemble,362.54000854,-0.2531,22.0756,6.0879,62.87,1474331772.93,0.3778,2026-09-29T00:00:00,"Noch kein Handelssignal. Der Markt ist wegen Liquidität, Bewegung und technischer Nähe auf der Beobachtungsliste.",128,Aktie,False
CAMT,stock,screener:day_gainers,47.45,hold,0.0,ensemble,151.05000305,-0.2048,12.7239,4.6226,55.16,56091210.23,0.4961,2026-09-29T00:00:00,"Noch kein Handelssignal. Der Markt ist wegen Liquidität, Bewegung und technischer Nähe auf der Beobachtungsliste.",129,Aktie,False
VNQ,etf,core_etfs,47.42,hold,0.0,ensemble,90.31999969,-2.6881,-5.5336,1.2076,25.55,355430460.13,0.6497,2026-09-29T00:00:00,"Noch kein Handelssignal. Der Markt ist wegen Liquidität, Bewegung und technischer Nähe auf der Beobachtungsliste.",130,ETF,False
IWM,etf,core_etfs,47.34,hold,0.0,ensemble,278.33999634,-3.0883,-5.0567,1.2945,30.75,6317444291.12,0.5376,2026-09-29T00:00:00,"Noch kein Handelssignal. Der Markt ist wegen Liquidität, Bewegung und technischer Nähe auf der Beobachtungsliste.",131,ETF,False
AVGO,stock,screener:growth_technology_stocks,47.33,hold,0.0,ensemble,354.85501099,-2.6568,-4.0068,2.7921,46.59,9623608637.16,0.4242,2026-09-29T00:00:00,"Noch kein Handelssignal. Der Markt ist wegen Liquidität, Bewegung und technischer Nähe auf der Beobachtungsliste.",132,Aktie,False
ADI,stock,screener:growth_technology_stocks,46.96,hold,0.0,ensemble,399.01998901,2.2158,10.5196,2.9252,65.87,1310337811.58,0.3662,2026-09-29T00:00:00,"Noch kein Handelssignal. Der Markt ist wegen Liquidität, Bewegung und technischer Nähe auf der Beobachtungsliste.",133,Aktie,False
ARM,stock,screener:day_gainers,46.96,hold,0.0,ensemble,297.42001343,-10.7383,22.9466,7.0086,56.12,1688995791.37,0.8052,2026-09-29T00:00:00,"Noch kein Handelssignal. Der Markt ist wegen Liquidität, Bewegung und technischer Nähe auf der Beobachtungsliste.",134,Aktie,False
CBRS,stock,screener:day_gainers,46.95,hold,0.0,ensemble,204.27000427,-3.8322,10.8717,5.2591,52.58,1199400254.72,0.9474,2026-09-29T00:00:00,"Noch kein Handelssignal. Der Markt ist wegen Liquidität, Bewegung und technischer Nähe auf der Beobachtungsliste.",135,Aktie,False
RCUS,stock,screener:day_gainers,46.77,hold,0.0,ensemble,25.96999931,-3.3495,-11.3046,5.3881,44.53,44988472.57,0.3989,2026-09-29T00:00:00,"Noch kein Handelssignal. Der Markt ist wegen Liquidität, Bewegung und technischer Nähe auf der Beobachtungsliste.",136,Aktie,False
XLRE,etf,core_etfs,46.76,hold,0.0,ensemble,41.23500061,-2.9765,-5.7309,1.2458,25.65,227360641.26,0.7041,2026-09-29T00:00:00,"Noch kein Handelssignal. Der Markt ist wegen Liquidität, Bewegung und technischer Nähe auf der Beobachtungsliste.",137,ETF,False
PLUG,stock,screener:most_actives,46.69,hold,0.0,ensemble,1.91499996,-9.2417,-11.3426,5.0354,39.65,90998605.42,0.8093,2026-09-29T00:00:00,"Noch kein Handelssignal. Der Markt ist wegen Liquidität, Bewegung und technischer Nähe auf der Beobachtungsliste.",138,Aktie,False
DOCN,stock,screener:growth_technology_stocks,46.52,hold,0.0,ensemble,138.00500488,-5.476,24.677,6.8352,57.6,386480594.19,0.3901,2026-09-29T00:00:00,"Noch kein Handelssignal. Der Markt ist wegen Liquidität, Bewegung und technischer Nähe auf der Beobachtungsliste.",139,Aktie,False
LQDA,stock,screener:day_losers,46.49,hold,0.0,ensemble,70.03500366,2.0323,2.7358,4.8527,50.47,84797710.1,0.6663,2026-09-29T00:00:00,"Noch kein Handelssignal. Der Markt ist wegen Liquidität, Bewegung und technischer Nähe auf der Beobachtungsliste.",140,Aktie,False
ASML,stock,fallback_stocks,46.28,hold,0.0,ensemble,1827.31005859,4.5432,7.7417,2.869,63.69,2378561993.21,0.8298,2026-09-29T00:00:00,"Noch kein Handelssignal. Der Markt ist wegen Liquidität, Bewegung und technischer Nähe auf der Beobachtungsliste.",141,Aktie,False
AAL,stock,screener:most_actives,46.24,hold,0.0,ensemble,13.50349998,-0.7825,0.5473,3.6737,49.24,937944788.08,0.5744,2026-09-29T00:00:00,"Noch kein Handelssignal. Der Markt ist wegen Liquidität, Bewegung und technischer Nähe auf der Beobachtungsliste.",142,Aktie,False
PEP,stock,fallback_stocks,46.0,hold,0.0,ensemble,128.52999878,-2.0276,-7.4369,1.6817,28.73,1148917635.11,0.4927,2026-09-29T00:00:00,"Noch kein Handelssignal. Der Markt ist wegen Liquidität, Bewegung und technischer Nähe auf der Beobachtungsliste.",143,Aktie,False
HUBS,stock,screener:day_losers,45.97,hold,0.0,ensemble,194.83000183,-10.5792,-25.4553,7.343,35.44,336342445.44,0.4577,2026-09-29T00:00:00,"Noch kein Handelssignal. Der Markt ist wegen Liquidität, Bewegung und technischer Nähe auf der Beobachtungsliste.",144,Aktie,False
TRI,stock,screener:day_losers,45.95,hold,0.0,ensemble,93.08499908,-2.6918,-13.2641,3.8072,40.71,143863950.53,0.4977,2026-09-29T00:00:00,"Noch kein Handelssignal. Der Markt ist wegen Liquidität, Bewegung und technischer Nähe auf der Beobachtungsliste.",145,Aktie,False
TLT,etf,core_etfs,45.94,hold,0.0,ensemble,78.0684967,-4.5034,-5.0319,1.0623,25.67,3012217926.55,1.1431,2026-09-29T00:00:00,"Noch kein Handelssignal. Der Markt ist wegen Liquidität, Bewegung und technischer Nähe auf der Beobachtungsliste.",146,ETF,False
SLV,etf,core_etfs,45.64,hold,0.0,ensemble,55.20000076,-9.1059,-8.1989,3.2906,40.91,837031934.93,0.5785,2026-09-29T00:00:00,"Noch kein Handelssignal. Der Markt ist wegen Liquidität, Bewegung und technischer Nähe auf der Beobachtungsliste.",147,ETF,False
UBER,stock,fallback_stocks,45.57,hold,0.0,ensemble,69.18000031,-1.0159,-8.5525,2.4461,37.71,1266010844.0,0.4404,2026-09-29T00:00:00,"Noch kein Handelssignal. Der Markt ist wegen Liquidität, Bewegung und technischer Nähe auf der Beobachtungsliste.",148,Aktie,False
PAYP,stock,screener:growth_technology_stocks,45.41,hold,0.0,ensemble,15.89000034,-6.2537,5.0231,4.4727,41.93,12743726.25,0.4598,2026-09-29T00:00:00,"Noch kein Handelssignal. Der Markt ist wegen Liquidität, Bewegung und technischer Nähe auf der Beobachtungsliste.",149,Aktie,False
AXTI,stock,screener:day_gainers,45.29,hold,0.0,ensemble,78.21499634,0.5463,29.0464,8.1305,57.65,682578460.06,0.8206,2026-09-29T00:00:00,"Noch kein Handelssignal. Der Markt ist wegen Liquidität, Bewegung und technischer Nähe auf der Beobachtungsliste.",150,Aktie,False
MGNI,stock,screener:day_gainers,44.96,hold,0.0,ensemble,25.03499985,0.9476,6.5773,4.0943,58.34,58879901.26,0.6771,2026-09-29T00:00:00,"Noch kein Handelssignal. Der Markt ist wegen Liquidität, Bewegung und technischer Nähe auf der Beobachtungsliste.",151,Aktie,False
CVNA,stock,screener:day_gainers,44.92,hold,0.0,ensemble,63.34000015,-3.1498,-13.7762,4.976,41.7,453728024.74,0.8912,2026-09-29T00:00:00,"Noch kein Handelssignal. Der Markt ist wegen Liquidität, Bewegung und technischer Nähe auf der Beobachtungsliste.",152,Aktie,False
IFX.DE,stock,global_stocks,44.83,hold,0.0,ensemble,59.29999924,-1.3803,6.7699,4.2207,54.9,226494126.3,1.19,2026-09-29T00:00:00,"Noch kein Handelssignal. Der Markt ist wegen Liquidität, Bewegung und technischer Nähe auf der Beobachtungsliste.",153,Aktie,False
VOW3.DE,stock,global_stocks,44.81,hold,0.0,ensemble,71.04000092,-5.557,-7.2343,3.4789,36.76,109592905.03,0.4901,2026-09-29T00:00:00,"Noch kein Handelssignal. Der Markt ist wegen Liquidität, Bewegung und technischer Nähe auf der Beobachtungsliste.",154,Aktie,False
JPM,stock,fallback_stocks,44.78,hold,0.0,ensemble,335.32501221,-1.375,-5.8129,2.115,34.54,2591142447.25,0.3187,2026-09-29T00:00:00,"Noch kein Handelssignal. Der Markt ist wegen Liquidität, Bewegung und technischer Nähe auf der Beobachtungsliste.",155,Aktie,False
CMC,stock,screener:day_losers,44.76,hold,0.0,ensemble,61.93999863,-4.7077,-8.1962,3.1563,36.14,65374515.8,0.5333,2026-09-29T00:00:00,"Noch kein Handelssignal. Der Markt ist wegen Liquidität, Bewegung und technischer Nähe auf der Beobachtungsliste.",156,Aktie,False
XLE,etf,core_etfs,44.48,hold,0.0,ensemble,61.54499817,-0.3804,-3.2038,2.1238,43.03,2065226394.79,0.6088,2026-09-29T00:00:00,"Noch kein Handelssignal. Der Markt ist wegen Liquidität, Bewegung und technischer Nähe auf der Beobachtungsliste.",157,ETF,False
DUOL,stock,screener:day_gainers,44.2,hold,0.0,ensemble,139.86000061,-5.3145,-5.7293,5.3068,46.04,167402106.06,0.4812,2026-09-29T00:00:00,"Noch kein Handelssignal. Der Markt ist wegen Liquidität, Bewegung und technischer Nähe auf der Beobachtungsliste.",158,Aktie,False
LQD,etf,core_etfs,44.0,hold,0.0,ensemble,102.24500275,-2.7072,-3.329,0.6682,25.14,3183432402.37,1.205,2026-09-29T00:00:00,"Noch kein Handelssignal. Der Markt ist wegen Liquidität, Bewegung und technischer Nähe auf der Beobachtungsliste.",159,ETF,False
XLY,etf,core_etfs,43.98,hold,0.0,ensemble,109.27999878,-2.7152,-6.0634,1.4052,36.29,688848357.39,0.8574,2026-09-29T00:00:00,"Noch kein Handelssignal. Der Markt ist wegen Liquidität, Bewegung und technischer Nähe auf der Beobachtungsliste.",160,ETF,False
IBM,stock,fallback_stocks,43.98,hold,0.0,ensemble,220.86500549,-4.5445,-5.5608,3.2389,38.09,1185916215.81,0.2621,2026-09-29T00:00:00,"Noch kein Handelssignal. Der Markt ist wegen Liquidität, Bewegung und technischer Nähe auf der Beobachtungsliste.",161,Aktie,False
AIR.PA,stock,global_stocks,43.84,hold,0.0,ensemble,190.47999573,-2.1172,-2.9055,2.214,35.44,196076259.91,1.0522,2026-09-29T00:00:00,"Noch kein Handelssignal. Der Markt ist wegen Liquidität, Bewegung und technischer Nähe auf der Beobachtungsliste.",162,Aktie,False
CSCO,stock,fallback_stocks,43.73,hold,0.0,ensemble,106.66000366,0.2067,-3.4664,2.66,41.39,1883421650.13,0.2782,2026-09-29T00:00:00,"Noch kein Handelssignal. Der Markt ist wegen Liquidität, Bewegung und technischer Nähe auf der Beobachtungsliste.",163,Aktie,False
CIFR,stock,screener:most_actives,43.39,hold,0.0,ensemble,16.78280067,-12.0859,8.2761,8.2431,46.84,565935313.79,0.5559,2026-09-29T00:00:00,"Noch kein Handelssignal. Der Markt ist wegen Liquidität, Bewegung und technischer Nähe auf der Beobachtungsliste.",164,Aktie,False
SMR,stock,screener:most_actives,43.31,hold,0.0,ensemble,7.84000015,-11.811,-15.4261,8.227,39.15,288077553.57,0.522,2026-09-29T00:00:00,"Noch kein Handelssignal. Der Markt ist wegen Liquidität, Bewegung und technischer Nähe auf der Beobachtungsliste.",165,Aktie,False
MSFT,stock,user_symbols,43.28,hold,0.0,ensemble,505.91500854,1.5894,-0.271,2.3196,56.96,10352322111.16,0.4779,2026-09-29T00:00:00,"Noch kein Handelssignal. Der Markt ist wegen Liquidität, Bewegung und technischer Nähe auf der Beobachtungsliste.",166,Aktie,False
UNH,stock,fallback_stocks,43.27,hold,0.0,ensemble,373.99499512,0.2802,-3.3672,2.159,38.79,1876647700.79,0.3165,2026-09-29T00:00:00,"Noch kein Handelssignal. Der Markt ist wegen Liquidität, Bewegung und technischer Nähe auf der Beobachtungsliste.",167,Aktie,False
NVDA,stock,screener:most_actives,43.15,hold,0.0,ensemble,228.11000061,-0.3321,3.4357,2.3347,58.58,25133717504.96,0.5498,2026-09-29T00:00:00,"Noch kein Handelssignal. Der Markt ist wegen Liquidität, Bewegung und technischer Nähe auf der Beobachtungsliste.",168,Aktie,False
XLB,etf,core_etfs,42.9,hold,0.0,ensemble,49.09500122,-2.8399,-6.3941,1.4079,34.52,543847357.45,0.787,2026-09-29T00:00:00,"Noch kein Handelssignal. Der Markt ist wegen Liquidität, Bewegung und technischer Nähe auf der Beobachtungsliste.",169,ETF,False
XLI,etf,core_etfs,42.85,hold,0.0,ensemble,169.00999451,-0.74,-3.2352,1.3634,38.83,1283539254.16,0.6217,2026-09-29T00:00:00,"Noch kein Handelssignal. Der Markt ist wegen Liquidität, Bewegung und technischer Nähe auf der Beobachtungsliste.",170,ETF,False
WING,stock,screener:day_gainers,42.84,hold,0.0,ensemble,108.62000275,6.0949,-0.7855,5.7366,50.86,145353316.22,0.624,2026-09-29T00:00:00,"Noch kein Handelssignal. Der Markt ist wegen Liquidität, Bewegung und technischer Nähe auf der Beobachtungsliste.",171,Aktie,False
STX,stock,screener:growth_technology_stocks,42.72,hold,0.0,ensemble,906.02001953,-1.4235,9.4602,5.2166,56.39,3350574106.9,0.4715,2026-09-29T00:00:00,"Noch kein Handelssignal. Der Markt ist wegen Liquidität, Bewegung und technischer Nähe auf der Beobachtungsliste.",172,Aktie,False
APH,stock,screener:growth_technology_stocks,42.46,hold,0.0,ensemble,84.48999786,1.9918,6.7437,3.4205,60.23,1014195607.87,0.3679,2026-09-29T00:00:00,"Noch kein Handelssignal. Der Markt ist wegen Liquidität, Bewegung und technischer Nähe auf der Beobachtungsliste.",173,Aktie,False
NVTS,stock,screener:most_actives,42.43,hold,0.0,ensemble,11.86999989,-4.7352,2.4159,5.9953,49.96,144538402.13,2.3714,2026-09-29T00:00:00,"Noch kein Handelssignal. Der Markt ist wegen Liquidität, Bewegung und technischer Nähe auf der Beobachtungsliste.",174,Aktie,False
PYPL,stock,fallback_stocks,42.42,hold,0.0,ensemble,53.40000153,0.9643,1.6461,2.7595,45.08,660200252.21,0.3195,2026-09-29T00:00:00,"Noch kein Handelssignal. Der Markt ist wegen Liquidität, Bewegung und technischer Nähe auf der Beobachtungsliste.",175,Aktie,False
SAP,stock,fallback_stocks,42.37,hold,0.0,ensemble,208.83000183,-0.8781,-5.4597,2.384,49.55,388759737.79,0.7307,2026-09-29T00:00:00,"Noch kein Handelssignal. Der Markt ist wegen Liquidität, Bewegung und technischer Nähe auf der Beobachtungsliste.",176,Aktie,False
CAT,stock,fallback_stocks,42.17,hold,0.0,ensemble,824.30499268,2.0167,3.365,2.5077,54.19,1922907322.11,0.4717,2026-09-29T00:00:00,"Noch kein Handelssignal. Der Markt ist wegen Liquidität, Bewegung und technischer Nähe auf der Beobachtungsliste.",177,Aktie,False
AMZN,stock,fallback_stocks,42.08,hold,0.0,ensemble,247.24000549,-3.0355,-4.8235,2.0743,42.4,8150370794.95,0.4863,2026-09-29T00:00:00,"Noch kein Handelssignal. Der Markt ist wegen Liquidität, Bewegung und technischer Nähe auf der Beobachtungsliste.",178,Aktie,False
PRIM,stock,screener:day_gainers,41.87,hold,0.0,ensemble,75.27999878,-1.3627,4.3961,4.3006,49.02,95353361.52,0.6385,2026-09-29T00:00:00,"Noch kein Handelssignal. Der Markt ist wegen Liquidität, Bewegung und technischer Nähe auf der Beobachtungsliste.",179,Aktie,False
IONQ,stock,screener:growth_technology_stocks,41.85,hold,0.0,ensemble,44.36780167,8.9048,12.8664,6.0592,59.55,1040013466.55,0.5272,2026-09-29T00:00:00,"Noch kein Handelssignal. Der Markt ist wegen Liquidität, Bewegung und technischer Nähe auf der Beobachtungsliste.",180,Aktie,False
DBK.DE,stock,global_stocks,41.79,hold,0.0,ensemble,31.75,-2.7267,-7.9977,2.8493,39.13,164502161.79,0.5941,2026-09-29T00:00:00,"Noch kein Handelssignal. Der Markt ist wegen Liquidität, Bewegung und technischer Nähe auf der Beobachtungsliste.",181,Aktie,False
NOVN.SW,stock,global_stocks,41.72,hold,0.0,ensemble,120.91999817,3.8296,-7.6665,1.8052,52.98,458533826.57,0.6971,2026-09-29T00:00:00,"Noch kein Handelssignal. Der Markt ist wegen Liquidität, Bewegung und technischer Nähe auf der Beobachtungsliste.",182,Aktie,False
2330.TW,stock,global_stocks,41.62,hold,0.0,ensemble,2475.0,0.6098,2.5738,1.4701,58.22,47427779396.25,1.3324,2026-09-29T00:00:00,"Noch kein Handelssignal. Der Markt ist wegen Liquidität, Bewegung und technischer Nähe auf der Beobachtungsliste.",183,Aktie,False
ENR.DE,stock,global_stocks,41.61,hold,0.0,ensemble,145.82000732,-0.0274,3.3598,3.5308,52.89,260031617.82,0.9412,2026-09-29T00:00:00,"Noch kein Handelssignal. Der Markt ist wegen Liquidität, Bewegung und technischer Nähe auf der Beobachtungsliste.",184,Aktie,False
XLK,etf,core_etfs,41.22,hold,0.0,ensemble,194.33000183,-0.9884,4.32,1.6846,61.98,1312868608.41,0.5974,2026-09-29T00:00:00,"Noch kein Handelssignal. Der Markt ist wegen Liquidität, Bewegung und technischer Nähe auf der Beobachtungsliste.",185,ETF,False
AUR,stock,screener:most_actives,41.14,hold,0.0,ensemble,5.30499983,-17.8793,-5.7727,6.9557,32.19,177655058.11,0.5686,2026-09-29T00:00:00,"Noch kein Handelssignal. Der Markt ist wegen Liquidität, Bewegung und technischer Nähe auf der Beobachtungsliste.",186,Aktie,False
ADS.DE,stock,global_stocks,41.11,hold,0.0,ensemble,145.75,-0.7491,-1.487,2.5092,45.08,79418730.46,0.5991,2026-09-29T00:00:00,"Noch kein Handelssignal. Der Markt ist wegen Liquidität, Bewegung und technischer Nähe auf der Beobachtungsliste.",187,Aktie,False
PLSE,stock,screener:day_losers,41.03,hold,0.0,ensemble,50.27000046,-4.5929,-0.1192,7.9775,49.71,35145624.85,0.4014,2026-09-29T00:00:00,"Noch kein Handelssignal. Der Markt ist wegen Liquidität, Bewegung und technischer Nähe auf der Beobachtungsliste.",188,Aktie,False
MOD,stock,screener:day_gainers,40.99,hold,0.0,ensemble,182.78999329,-6.7208,2.4435,6.0686,45.88,235985710.78,0.8623,2026-09-29T00:00:00,"Noch kein Handelssignal. Der Markt ist wegen Liquidität, Bewegung und technischer Nähe auf der Beobachtungsliste.",189,Aktie,False
AAPL,stock,user_symbols,40.74,hold,0.0,ensemble,331.69000244,-2.3723,4.6836,2.0057,54.33,13762543341.98,0.4604,2026-09-29T00:00:00,"Noch kein Handelssignal. Der Markt ist wegen Liquidität, Bewegung und technischer Nähe auf der Beobachtungsliste.",190,Aktie,False
INDA,etf,core_etfs,40.67,hold,0.0,ensemble,46.88000107,-2.9199,-5.674,1.0803,33.08,232803680.36,0.557,2026-09-29T00:00:00,"Noch kein Handelssignal. Der Markt ist wegen Liquidität, Bewegung und technischer Nähe auf der Beobachtungsliste.",191,ETF,False
WSO,stock,screener:day_losers,40.57,hold,0.0,ensemble,301.35501099,-7.4406,-2.7322,3.0268,38.89,140882623.84,0.7141,2026-09-29T00:00:00,"Noch kein Handelssignal. Der Markt ist wegen Liquidität, Bewegung und technischer Nähe auf der Beobachtungsliste.",192,Aktie,False
GLD,etf,core_etfs,40.4,hold,0.0,ensemble,381.55499268,-4.6279,-6.5778,1.8951,38.77,3625685739.53,0.5997,2026-09-29T00:00:00,"Noch kein Handelssignal. Der Markt ist wegen Liquidität, Bewegung und technischer Nähe auf der Beobachtungsliste.",193,ETF,False
NESN.SW,stock,global_stocks,40.23,hold,0.0,ensemble,76.26000214,-1.0767,-2.8659,1.6157,39.17,243287827.42,1.1882,2026-09-29T00:00:00,"Noch kein Handelssignal. Der Markt ist wegen Liquidität, Bewegung und technischer Nähe auf der Beobachtungsliste.",194,Aktie,False
WDC,stock,screener:growth_technology_stocks,39.92,hold,0.0,ensemble,451.31008911,-2.8605,0.2009,5.4343,47.53,2926172538.42,0.584,2026-09-29T00:00:00,"Noch kein Handelssignal. Der Markt ist wegen Liquidität, Bewegung und technischer Nähe auf der Beobachtungsliste.",195,Aktie,False
SAP.DE,stock,global_stocks,39.68,hold,0.0,ensemble,185.32000732,1.6455,0.5753,2.8884,54.41,427071013.2,0.5951,2026-09-29T00:00:00,"Noch kein Handelssignal. Der Markt ist wegen Liquidität, Bewegung und technischer Nähe auf der Beobachtungsliste.",196,Aktie,False
LLY,stock,fallback_stocks,39.31,hold,0.0,ensemble,1183.45996094,1.1383,2.3108,2.4116,54.04,2614733064.83,0.3847,2026-09-29T00:00:00,"Noch kein Handelssignal. Der Markt ist wegen Liquidität, Bewegung und technischer Nähe auf der Beobachtungsliste.",197,Aktie,False
SRAD,stock,screener:day_losers,39.24,hold,0.0,ensemble,11.85480022,-12.8324,-4.6275,5.5891,38.67,27515150.17,0.5422,2026-09-29T00:00:00,"Noch kein Handelssignal. Der Markt ist wegen Liquidität, Bewegung und technischer Nähe auf der Beobachtungsliste.",198,Aktie,False
BAS.DE,stock,global_stocks,38.97,hold,0.0,ensemble,49.93999863,-3.5721,-5.8269,2.3214,37.56,92484665.02,0.6933,2026-09-29T00:00:00,"Noch kein Handelssignal. Der Markt ist wegen Liquidität, Bewegung und technischer Nähe auf der Beobachtungsliste.",199,Aktie,False
BP.L,stock,global_stocks,38.64,hold,0.0,ensemble,550.70001221,1.549,1.7366,2.8444,50.0,24578034682.42,0.7792,2026-09-29T00:00:00,"Noch kein Handelssignal. Der Markt ist wegen Liquidität, Bewegung und technischer Nähe auf der Beobachtungsliste.",200,Aktie,False
SIE.DE,stock,global_stocks,38.36,hold,0.0,ensemble,282.0,2.9761,1.4936,2.229,61.57,286907984.4,0.7568,2026-09-29T00:00:00,"Noch kein Handelssignal. Der Markt ist wegen Liquidität, Bewegung und technischer Nähe auf der Beobachtungsliste.",201,Aktie,False
QQQ,etf,core_etfs,38.34,hold,0.0,ensemble,737.16998291,-1.3767,2.9547,1.355,59.96,24076694989.89,0.4494,2026-09-29T00:00:00,"Noch kein Handelssignal. Der Markt ist wegen Liquidität, Bewegung und technischer Nähe auf der Beobachtungsliste.",202,ETF,False
XLP,etf,core_etfs,38.22,hold,0.0,ensemble,81.79499817,-1.1302,-3.1149,1.0768,39.09,867419809.25,1.0797,2026-09-29T00:00:00,"Noch kein Handelssignal. Der Markt ist wegen Liquidität, Bewegung und technischer Nähe auf der Beobachtungsliste.",203,ETF,False
BNP.PA,stock,global_stocks,38.19,hold,0.0,ensemble,97.40000153,-0.6473,-1.9061,2.1896,42.15,192804165.01,0.8474,2026-09-29T00:00:00,"Noch kein Handelssignal. Der Markt ist wegen Liquidität, Bewegung und technischer Nähe auf der Beobachtungsliste.",204,Aktie,False
PACS,stock,screener:day_losers,38.09,hold,0.0,ensemble,41.38999939,-0.3371,-2.1744,3.8777,43.87,30864725.36,0.7669,2026-09-29T00:00:00,"Noch kein Handelssignal. Der Markt ist wegen Liquidität, Bewegung und technischer Nähe auf der Beobachtungsliste.",205,Aktie,False
DIA,etf,core_etfs,38.03,hold,0.0,ensemble,512.0300293,-1.1525,-3.4539,0.9783,38.68,1734714139.9,0.4774,2026-09-29T00:00:00,"Noch kein Handelssignal. Der Markt ist wegen Liquidität, Bewegung und technischer Nähe auf der Beobachtungsliste.",206,ETF,False
AZN.L,stock,global_stocks,37.17,hold,0.0,ensemble,12428.0,-1.9255,3.8957,2.1669,53.74,38242522549.4,0.878,2026-09-29T00:00:00,"Noch kein Handelssignal. Der Markt ist wegen Liquidität, Bewegung und technischer Nähe auf der Beobachtungsliste.",207,Aktie,False
TM,stock,fallback_stocks,37.15,hold,0.0,ensemble,186.56500244,-2.8611,-5.0753,1.7317,41.13,57198077.91,0.4671,2026-09-29T00:00:00,"Noch kein Handelssignal. Der Markt ist wegen Liquidität, Bewegung und technischer Nähe auf der Beobachtungsliste.",208,Aktie,False
ASTS,stock,screener:growth_technology_stocks,36.33,hold,0.0,ensemble,59.47999954,-6.6101,0.643,6.5167,45.92,588681180.81,1.1708,2026-09-29T00:00:00,"Noch kein Handelssignal. Der Markt ist wegen Liquidität, Bewegung und technischer Nähe auf der Beobachtungsliste.",209,Aktie,False
ULVR.L,stock,global_stocks,35.86,hold,0.0,ensemble,4615.5,-1.7561,-4.0636,1.6219,44.52,14707530525.23,0.6733,2026-09-29T00:00:00,"Noch kein Handelssignal. Der Markt ist wegen Liquidität, Bewegung und technischer Nähe auf der Beobachtungsliste.",210,Aktie,False
SHOP,stock,fallback_stocks,35.65,hold,0.0,ensemble,147.94500732,0.1388,0.3902,4.5788,58.22,1546786407.44,0.4498,2026-09-29T00:00:00,"Noch kein Handelssignal. Der Markt ist wegen Liquidität, Bewegung und technischer Nähe auf der Beobachtungsliste.",211,Aktie,False
EFA,etf,core_etfs,35.47,hold,0.0,ensemble,104.23500061,-2.1268,-2.9921,1.2239,41.15,1242074065.36,0.7022,2026-09-29T00:00:00,"Noch kein Handelssignal. Der Markt ist wegen Liquidität, Bewegung und technischer Nähe auf der Beobachtungsliste.",212,ETF,False
NOK,stock,screener:most_actives,35.41,hold,0.0,ensemble,10.32999992,-4.5286,1.8738,4.8956,49.7,885947430.31,0.4129,2026-09-29T00:00:00,"Noch kein Handelssignal. Der Markt ist wegen Liquidität, Bewegung und technischer Nähe auf der Beobachtungsliste.",213,Aktie,False
BHP.AX,stock,global_stocks,35.1,hold,0.0,ensemble,60.63000107,-0.9637,-7.3125,2.2031,45.77,466937781.88,0.7436,2026-09-29T00:00:00,"Noch kein Handelssignal. Der Markt ist wegen Liquidität, Bewegung und technischer Nähe auf der Beobachtungsliste.",214,Aktie,False
SU.PA,stock,global_stocks,35.06,hold,0.0,ensemble,296.3500061,0.4576,2.8279,2.7646,56.24,225081800.73,0.921,2026-09-29T00:00:00,"Noch kein Handelssignal. Der Markt ist wegen Liquidität, Bewegung und technischer Nähe auf der Beobachtungsliste.",215,Aktie,False
HSBA.L,stock,global_stocks,34.97,hold,0.0,ensemble,1510.0,0.0397,-1.526,1.9486,46.67,28344297353.5,0.682,2026-09-29T00:00:00,"Noch kein Handelssignal. Der Markt ist wegen Liquidität, Bewegung und technischer Nähe auf der Beobachtungsliste.",216,Aktie,False
SNX,stock,screener:growth_technology_stocks,34.75,hold,0.0,ensemble,259.11999512,-8.519,2.4797,4.8758,47.53,269549523.1,0.295,2026-09-29T00:00:00,"Noch kein Handelssignal. Der Markt ist wegen Liquidität, Bewegung und technischer Nähe auf der Beobachtungsliste.",217,Aktie,False
GLW,stock,screener:day_gainers,34.54,hold,0.0,ensemble,157.94000244,-1.0959,6.1924,5.0887,52.25,1344618894.04,0.5604,2026-09-29T00:00:00,"Noch kein Handelssignal. Der Markt ist wegen Liquidität, Bewegung und technischer Nähe auf der Beobachtungsliste.",218,Aktie,False
ABBV,stock,fallback_stocks,34.47,hold,0.0,ensemble,263.63000488,-0.5957,2.8118,1.9453,54.69,1053707933.66,0.3953,2026-09-29T00:00:00,"Noch kein Handelssignal. Der Markt ist wegen Liquidität, Bewegung und technischer Nähe auf der Beobachtungsliste.",219,Aktie,False
BBD,stock,screener:most_actives,34.46,hold,0.0,ensemble,3.33500004,-6.5826,1.7949,2.9128,44.15,94545832.54,0.7209,2026-09-29T00:00:00,"Noch kein Handelssignal. Der Markt ist wegen Liquidität, Bewegung und technischer Nähe auf der Beobachtungsliste.",220,Aktie,False
COST,stock,fallback_stocks,34.32,hold,0.0,ensemble,924.70501709,2.8124,-2.0325,1.5559,52.67,2138459321.83,0.5041,2026-09-29T00:00:00,"Noch kein Handelssignal. Der Markt ist wegen Liquidität, Bewegung und technischer Nähe auf der Beobachtungsliste.",221,Aktie,False
FLYW,stock,screener:growth_technology_stocks,34.14,hold,0.0,ensemble,17.22999954,-0.058,-8.7877,2.9164,42.42,23638171.5,0.5724,2026-09-29T00:00:00,"Noch kein Handelssignal. Der Markt ist wegen Liquidität, Bewegung und technischer Nähe auf der Beobachtungsliste.",222,Aktie,False
PG,stock,fallback_stocks,33.83,hold,0.0,ensemble,148.55000305,0.2226,2.3636,1.5113,56.44,1149663925.08,0.3744,2026-09-29T00:00:00,"Noch kein Handelssignal. Der Markt ist wegen Liquidität, Bewegung und technischer Nähe auf der Beobachtungsliste.",223,Aktie,False
KMX,stock,screener:day_gainers,33.6,hold,0.0,ensemble,58.81999969,3.4835,-4.0926,4.4361,49.43,160444080.77,2.9511,2026-09-29T00:00:00,"Noch kein Handelssignal. Der Markt ist wegen Liquidität, Bewegung und technischer Nähe auf der Beobachtungsliste.",224,Aktie,False
KO,stock,fallback_stocks,33.6,hold,0.0,ensemble,87.08499908,-1.721,-1.2015,1.3324,44.71,1312500061.49,0.4102,2026-09-29T00:00:00,"Noch kein Handelssignal. Der Markt ist wegen Liquidität, Bewegung und technischer Nähe auf der Beobachtungsliste.",225,Aktie,False
XOM,stock,fallback_stocks,33.14,hold,0.0,ensemble,161.30499268,1.635,0.2206,2.3691,50.41,2240799865.08,0.3143,2026-09-29T00:00:00,"Noch kein Handelssignal. Der Markt ist wegen Liquidität, Bewegung und technischer Nähe auf der Beobachtungsliste.",226,Aktie,False
JNJ,stock,fallback_stocks,32.99,hold,0.0,ensemble,267.01998901,-0.8061,0.4401,1.8785,46.6,1636444165.43,0.3634,2026-09-29T00:00:00,"Noch kein Handelssignal. Der Markt ist wegen Liquidität, Bewegung und technischer Nähe auf der Beobachtungsliste.",227,Aktie,False
WMT,stock,fallback_stocks,32.88,hold,0.0,ensemble,106.37000275,-3.4054,1.4303,1.915,44.56,2287201188.6,0.5876,2026-09-29T00:00:00,"Noch kein Handelssignal. Der Markt ist wegen Liquidität, Bewegung und technischer Nähe auf der Beobachtungsliste.",228,Aktie,False
DIS,stock,fallback_stocks,32.78,hold,0.0,ensemble,105.23500061,1.3629,-2.1525,2.0118,49.54,852983912.8,0.3554,2026-09-29T00:00:00,"Noch kein Handelssignal. Der Markt ist wegen Liquidität, Bewegung und technischer Nähe auf der Beobachtungsliste.",229,Aktie,False
V,stock,fallback_stocks,32.49,hold,0.0,ensemble,366.73001099,1.2954,-3.3318,1.4789,47.24,2161908914.23,0.363,2026-09-29T00:00:00,"Noch kein Handelssignal. Der Markt ist wegen Liquidität, Bewegung und technischer Nähe auf der Beobachtungsliste.",230,Aktie,False
GOOGL,stock,fallback_stocks,32.32,hold,0.0,ensemble,339.54501343,-3.3076,0.1218,2.4994,46.77,8656725158.78,0.4438,2026-09-29T00:00:00,"Noch kein Handelssignal. Der Markt ist wegen Liquidität, Bewegung und technischer Nähe auf der Beobachtungsliste.",231,Aktie,False
BRK-B,stock,fallback_stocks,32.29,hold,0.0,ensemble,501.82009888,-0.3317,-0.4384,1.2058,44.4,2209389469.06,0.3888,2026-09-29T00:00:00,"Noch kein Handelssignal. Der Markt ist wegen Liquidität, Bewegung und technischer Nähe auf der Beobachtungsliste.",232,Aktie,False
SONY,stock,fallback_stocks,32.16,hold,0.0,ensemble,23.45499992,0.1494,-4.4992,1.8698,47.71,79931436.96,0.4558,2026-09-29T00:00:00,"Noch kein Handelssignal. Der Markt ist wegen Liquidität, Bewegung und technischer Nähe auf der Beobachtungsliste.",233,Aktie,False
DBA,etf,core_etfs,32.09,hold,0.0,ensemble,28.27499962,-0.9632,-3.5641,0.9902,44.43,41381656.56,0.406,2026-09-29T00:00:00,"Noch kein Handelssignal. Der Markt ist wegen Liquidität, Bewegung und technischer Nähe auf der Beobachtungsliste.",234,ETF,False
MA,stock,fallback_stocks,31.91,hold,0.0,ensemble,564.16998291,1.4895,-4.266,1.5088,46.08,1424088928.59,0.3515,2026-09-29T00:00:00,"Noch kein Handelssignal. Der Markt ist wegen Liquidität, Bewegung und technischer Nähe auf der Beobachtungsliste.",235,Aktie,False
EWJ,etf,core_etfs,31.03,hold,0.0,ensemble,96.33000183,-2.4803,0.4693,1.6142,48.42,348498157.93,0.6918,2026-09-29T00:00:00,"Noch kein Handelssignal. Der Markt ist wegen Liquidität, Bewegung und technischer Nähe auf der Beobachtungsliste.",236,ETF,False
TTMI,stock,screener:growth_technology_stocks,30.85,hold,0.0,ensemble,120.55500031,-5.4248,1.3749,6.0678,47.3,212796917.38,0.5769,2026-09-29T00:00:00,"Noch kein Handelssignal. Der Markt ist wegen Liquidität, Bewegung und technischer Nähe auf der Beobachtungsliste.",237,Aktie,False
TTE.PA,stock,global_stocks,30.78,hold,0.0,ensemble,78.09999847,-0.064,0.6314,2.0971,49.42,291269992.45,0.7335,2026-09-29T00:00:00,"Noch kein Handelssignal. Der Markt ist wegen Liquidität, Bewegung und technischer Nähe auf der Beobachtungsliste.",238,Aktie,False
EEM,etf,core_etfs,30.45,hold,0.0,ensemble,67.23500061,-2.699,0.3208,1.7221,50.94,1241840647.38,0.4864,2026-09-29T00:00:00,"Noch kein Handelssignal. Der Markt ist wegen Liquidität, Bewegung und technischer Nähe auf der Beobachtungsliste.",239,ETF,False
BAYN.DE,stock,global_stocks,30.28,hold,0.0,ensemble,48.88000107,-1.3522,0.0,2.7706,50.22,108075891.74,1.2886,2026-09-29T00:00:00,"Noch kein Handelssignal. Der Markt ist wegen Liquidität, Bewegung und technischer Nähe auf der Beobachtungsliste.",240,Aktie,False
BEI.DE,stock,global_stocks,29.55,hold,0.0,ensemble,77.58000183,1.4648,0.2326,2.0845,53.55,27927536.11,0.8672,2026-09-29T00:00:00,"Noch kein Handelssignal. Der Markt ist wegen Liquidität, Bewegung und technischer Nähe auf der Beobachtungsliste.",241,Aktie,False
RWE.DE,stock,global_stocks,29.07,hold,0.0,ensemble,58.91999817,-2.418,0.5804,2.4294,49.6,92398117.23,1.0849,2026-09-29T00:00:00,"Noch kein Handelssignal. Der Markt ist wegen Liquidität, Bewegung und technischer Nähe auf der Beobachtungsliste.",242,Aktie,False
XLV,etf,core_etfs,28.69,hold,0.0,ensemble,170.20249939,0.1839,0.1841,1.3157,54.11,1295334138.14,0.8796,2026-09-29T00:00:00,"Noch kein Handelssignal. Der Markt ist wegen Liquidität, Bewegung und technischer Nähe auf der Beobachtungsliste.",243,ETF,False
SPY,etf,core_etfs,28.64,hold,0.0,ensemble,763.71002197,-1.2504,-0.1882,0.9117,50.4,32858330430.73,0.4366,2026-09-29T00:00:00,"Noch kein Handelssignal. Der Markt ist wegen Liquidität, Bewegung und technischer Nähe auf der Beobachtungsliste.",244,ETF,False
CRWV,stock,screener:most_actives,28.28,hold,0.0,ensemble,86.625,-0.1556,2.0438,5.4406,50.49,2560279304.76,0.6572,2026-09-29T00:00:00,"Noch kein Handelssignal. Der Markt ist wegen Liquidität, Bewegung und technischer Nähe auf der Beobachtungsliste.",245,Aktie,False
MAAS,stock,screener:day_losers,26.61,hold,0.0,ensemble,15.65999985,5.1007,-3.9853,11.4482,48.48,7869381.69,0.3851,2026-09-29T00:00:00,"Noch kein Handelssignal. Der Markt ist wegen Liquidität, Bewegung und technischer Nähe auf der Beobachtungsliste.",246,Aktie,False
DHL.DE,stock,global_stocks,26.32,hold,0.0,ensemble,56.95999908,-2.8318,2.4829,1.9914,55.28,90690517.23,0.6064,2026-09-29T00:00:00,"Noch kein Handelssignal. Der Markt ist wegen Liquidität, Bewegung und technischer Nähe auf der Beobachtungsliste.",247,Aktie,False
OR.PA,stock,global_stocks,25.79,hold,0.0,ensemble,380.75,-2.2465,0.3691,1.9717,47.88,120658418.53,0.6742,2026-09-29T00:00:00,"Noch kein Handelssignal. Der Markt ist wegen Liquidität, Bewegung und technischer Nähe auf der Beobachtungsliste.",248,Aktie,False
HNR1.DE,stock,global_stocks,23.35,hold,0.0,ensemble,256.20001221,1.4252,-1.2336,1.6226,53.09,36136345.6,0.6695,2026-09-29T00:00:00,"Noch kein Handelssignal. Der Markt ist wegen Liquidität, Bewegung und technischer Nähe auf der Beobachtungsliste.",249,Aktie,False
